gate	and the
probe0000	 Cartalage defects are frequently pre
probe0001	ses infinies de la chair nous sont ferm
probe0002	ble moving and that can be a bi
probe0003	o Internet worm propagation 
probe0004	aprises infinies de la chair nous sont f
probe0005	n two Internet worm propa
probe0006	rises infini
probe0007	surprises infinies de la chair nous s
probe0008	urprises infiniss de la chai
probe0009	infinies de la chair
probe0010	n two Internet worm propagation sim
probe0011	efects are frequently p
probe0012	ritttn two Internet worm pr
probe0013	defects are frequently present in pa
probe0014	 for table moving and that can be a bit 
probe0015	ir nous sont fe
probe0016	urprises infinies de laschair nous sont
probe0017	s are frequently present in pa
probe0018	quently present 
probe0019	assessed after c
probe0020	n two I ternet worm 
probe0021	hen assessed 
probe0022	e defects are frequently pres
probe0023	ave written two Internet worm propagatio
probe0024	 insinies de
probe0025	 table moving and that can 
probe0026	Cartilage defects are frequen
probe0027	written two Internet worm propag
probe0028	ns de la chair nous 
probe0029	nies de la chair nous s
probe0030	two Internet worm propagation sim
probe0031	es surprises infinies de la chair nous 
probe0032	hen rssessed after c
probe0033	Cartilage defects are frequent
probe0034	then assessed after 
probe0035	oving and th
probe0036	 written twe Internet worm propag
probe0037	y present in 
probe0038	two Internet worm propagation sim
probe0039	rtilage defects are frequently pr
probe0040	itten two Inteinet worm 
probe0041	then assessed after cros
probe0042	ve written two Internet worm propag
probe0043	hen assessed after cr
probe0044	rises infiniei de la ch
probe0045	then assessed after cr
probe0046	les surprises infinies de la chair nou
probe0047	then assessed after cro
probe0048	sessed aftsr
probe0049	hat can be a bit
probe0050	ving and that can be a bit confu
probe0051	es infinies de la chair nous
probe0052	hare written two Internet worm propaga
probe0053	able moving and tha
probe0054	es infinies 
probe0055	e defects are frequently present in
probe0056	I have written two Internet wormnpr
probe0057	hen assessed
probe0058	 moving and that can be a bi
probe0059	age defects are frequently present i
probe0060	surpr ses infinies de la chair nous son
probe0061	ble moving and that can be a bit
probe0062	 de la chair
probe0063	ten two Internet worm propagation si
probe0064	 frequrntly present
probe0065	et worm propagation sim
probe0066	y present in pa
probe0067	artilage defects are frequently pr
probe0068	es infnnies de la chair nou
probe0069	e written two Inter
probe0070	rtilage defects are frequently pr
probe0071	en two Internet worm propagation simu
probe0072	e defects are frequently presenti
probe0073	written two Internet worm 
probe0074	ternet worm prop
probe0075	written two Internet
probe0076	equently prtsent 
probe0077	defects are frequently present in p
probe0078	tly present in pa
probe0079	les surprises infinies 
probe0080	 de ia chair nous sont f
probe0081	en two Internet worm propagation
probe0082	then assessed after 
probe0083	defects are frequen
probe0084	 de la chair nouo sont 
probe0085	s surprises infinie
probe0086	es infinies de la chair nous sont ferm
probe0087	r table moving 
probe0088	 can te a bit c
probe0089	hat can be a bit con
probe0090	e written two Internet worm
probe0091	artilage defects are frequently present 
probe0092	av  written two Internet worm p
probe0093	ises infinies de la chair nous 
probe0094	ssessed after cr
probe0095	e frequently
probe0096	ble moving and thae can be a bit c
probe0097	ently present in patie
probe0098	ly present in patie
probe0099	es de la chair 
probe0100	 two Intertet worm p
probe0101	 defects are frequently present i
probe0102	 written two Internet w
probe0103	fects are frequently present in pa
probe0104	are frequently sresent i
probe0105	ses infinies de la chair nou
probe0106	 surprises infin
probe0107	 defects are frequently p
probe0108	asressed after cro
probe0109	itten two Internet worm
probe0110	urprises infinies d
probe0111	n two Internet worm propagation simu
probe0112	es surprises infiniesed
probe0113	 surprises infinies de la chair nous so
probe0114	 les surprises infinies de la cha
probe0115	les surprises infinies de la chair 
probe0116	les surpri es infinies de la chair n
probe0117	et worm propaga
probe0118	o Internet worm propagation
probe0119	ntly present in
probe0120	e movingtand that 
probe0121	defects are frequently present in
probe0122	hen assessed aft
probe0123	then assessed after cro
probe0124	tilagt defects are frequently pres
probe0125	then assessed afte
probe0126	fects are frequently present
probe0127	ten two Internet worm propag
probe0128	et worm propagation e
probe0129	prises infinies de la chair nous 
probe0130	 defects are frequently
probe0131	 les surprises infinies de la chair nous
probe0132	tently present in 
probe0133	written two Internet w
probe0134	rprises infinies d
probe0135	ve written two Internet wo
probe0136	surprises infrnies de l
probe0137	es de la chair nous sont ferm
probe0138	 infinies de la chair n
probe0139	wo Internet worm propagation
probe0140	 I have written twi Internet worm pro
probe0141	at can be a bit con
probe0142	ving and that ca
probe0143	ouch for table moving and that c
probe0144	t worm peopagatio
probe0145	ing and that can
probe0146	surprises infinies de
probe0147	ng and that can be a bit con
probe0148	cts are frequentry presen
probe0149	ch for table moving and that can be 
probe0150	lage defects are frequentl
probe0151	age defects are frequently
probe0152	hsn assessed after cros
probe0153	ssessed after 
probe0154	s de la chair nous son
probe0155	hen assessed afte
probe0156	written two Innernet wo
probe0157	n two Internet worm propagation si
probe0158	es surprises infinies de la chair nous s
probe0159	 la chair no
probe0160	ten two Intrrnet worm propagation s
probe0161	defects are frequently present in p
probe0162	ts are frequently present in
probe0163	es infinies de la chair no
probe0164	rtilage dofects are freq
probe0165	a chair nous son
probe0166	rises infinies de la chair nous sont fe
probe0167	or table moving and that
probe0168	itten two Internet woem propagation si
probe0169	n assessed after cro
probe0170	ises infinies de la chair nous sont 
probe0171	 table moving and that can be a bi
probe0172	have nritten two Intern
probe0173	surprises infinies d
probe0174	e frequently present
probe0175	 written two Internet worm propagat
probe0176	es surarises infinies de la chair nous 
probe0177	n assessed after cros
probe0178	n two Interne
probe0179	surprises infinies de la chair nous s
probe0180	naassessed af
probe0181	ses infinies de la chair nous sont ferm
probe0182	ises infinies de la chair nous sont
probe0183	ies de la chair nou
probe0184	 Cartiiage defects are frequ
probe0185	es surprises infinies de la chai
probe0186	or table moving and that can be a b
probe0187	e written two Internet worm propagat
probe0188	oy present i
probe0189	 de la chair nou
probe0190	assessed after cro
probe0191	es infinies de
probe0192	n assessed after rros
probe0193	then assessed af
probe0194	 moving and that can be a bi
probe0195	infinies de la chair nous son
probe0196	s de la chair nnus sont 
probe0197	 Internet worm propag
probe0198	 are frequently present in
probe0199	les surprises infinies de la cha
probe0200	e defests are frequently prese
probe0201	ternet worm propa
probe0202	tten two Internet worm p
probe0203	ge defects are frequently present in
probe0204	or table moving
probe0205	 have written two Internet worm pr
probe0206	 defects are frequently p
probe0207	tten two Internet worm propagation s
probe0208	rprises infinies de larchair nous s
probe0209	ts are frequently present
probe0210	tten two Internet worm propagatio
probe0211	itten two Internet worm propaga
probe0212	tten two Internet wtrm propa
probe0213	 written two Internet worm 
probe0214	ssed after cr
probe0215	age defects are frequently presen
probe0216	ng and that c
probe0217	 have written t
probe0218	e written two Internet 
probe0219	wo Internet worm propagation
probe0220	aoe defects are frequently present i
probe0221	 I have written two Internet 
probe0222	two Internet worm propag
probe0223	tten two Internet worm propagatio
probe0224	 ts are frequ
probe0225	s surprises infinies de la chair nous s
probe0226	ent in patie
probe0227	artilage defects are frequentl
probe0228	itten two Internet wors propagati
probe0229	tilage defects are frequ
probe0230	surprises infinies de la chair nous 
probe0231	that can be a
probe0232	surprises infinies de oa c
probe0233	hen assessed after cr
probe0234	touch for table moving and that ca
probe0235	n two Internet worm propag
probe0236	Internetrworm
probe0237	et worm propagation sim
probe0238	ouch for table moving and that can be
probe0239	artilage defects are frequently present
probe0240	n assessedrafter 
probe0241	urprises infinies de la 
probe0242	ts are frequently pre
probe0243	prises infinies de la cha
probe0244	ch for table mosing and that can b
probe0245	written two Inter
probe0246	have written two Inter
probe0247	surprises infinies de la chair nous
probe0248	ises infinies de la chaia nous
probe0249	then assessed aft
probe0250	urprises infinies de 
probe0251	ng and that can be a bit co
probe0252	essed atter cros
probe0253	en two Internet worm
probe0254	 Cartilage defects are fre
probe0255	ch for table mo
probe0256	 surprises infinies de la chais nous son
probe0257	artilage defect
probe0258	then assessed af
probe0259	fects are frequently presen
probe0260	 two Internet worm propagati
probe0261	o Internet worm 
probe0262	le moving and that can 
probe0263	ies de la chair nous sont fe
probe0264	 infin es de la ch
probe0265	ssessed after cr
probe0266	written two Internet worm p
probe0267	table moving and that can be a bi
probe0268	 surprisei infinies de la cha
probe0269	Cartilage defects are frequently prese
probe0270	then assessed 
probe0271	ble moving and that can be a bit con
probe0272	defects are frequently piesent
probe0273	have written two Internet worm 
probe0274	 have written two Internet worm propag
probe0275	 de la chair nous sont fe
probe0276	rtilaae defects are frequently present 
probe0277	table moving and that can be a bit
probe0278	s surprises in
probe0279	air nous sont f
probe0280	 are frequently present in pati
probe0281	 de la chair nous
probe0282	en assessed 
probe0283	rprises infinies de la chair nous son
probe0284	 two Internet worm propagation simo
probe0285	s surprises 
probe0286	 assessed after c
probe0287	age defects are frequently present in p
probe0288	 are fsequently present
probe0289	ritten two Internet worm propagation sim
probe0290	 les surprises infinies de la chair nou
probe0291	de la chair nou
probe0292	prises infinits de la chair nous sont f
probe0293	ssessed after 
probe0294	tten two Inter
probe0295	able moving and that can be a bit
probe0296	ge defects are frequently presen
probe0297	age defects are frequently present
probe0298	 a bit confu
probe0299	s de la chair 
probe0300	then assesaed after cr
probe0301	uently present in pati
probe0302	tilage defects are frequen
probe0303	 surprises infinies de la chair
probe0304	 have wri ten two Internet worm prop
probe0305	es infinies de la chair nous sont 
probe0306	t can be a bit con
probe0307	h for table moving and that c
probe0308	lage drfects are frequently present in
probe0309	e moving and
probe0310	table moving and that can be a 
probe0311	then assessed after cros
probe0312	are frequently preient in pa
probe0313	n assessed after cr
probe0314	es surprises infi
probe0315	two Internet worm pro
probe0316	rtilage de ects are frequently p
probe0317	rprises infinies de la chair nou
probe0318	Cartilage defects are frequently pres
probe0319	tilage defects are frequently present 
probe0320	for ttble moving and that can be a bit c
probe0321	table moving and that can be a bit conf
probe0322	rises infinies de la chair nous so
probe0323	ch for table movin
probe0324	n two Internetoworm propagation
probe0325	then assessed after cro
probe0326	tten two Internet worm propagation simu
probe0327	for table moving
probe0328	efects ere frequ
probe0329	I have written two Internet worm propa
probe0330	 two Internet worm propa
probe0331	 assessed after 
probe0332	artilage defects  re fr
probe0333	 can be a bi
probe0334	ently present i
probe0335	hair nous son
probe0336	urprises inoin
probe0337	tilage defects are frequently present 
probe0338	 chair nous so
probe0339	hat can be a bit con
probe0340	 worm propagation
probe0341	for table moving and that can be a bit c
probe0342	table moving and that can be a bit con
probe0343	ssed after cros
probe0344	ritten two Internet worm propagationosim
probe0345	written two Internet worm propagation 
probe0346	Internet wor
probe0347	have written two Interne
probe0348	ble mrving and that
probe0349	ts are frequently present in p
probe0350	wo Internet worm propagat
probe0351	s are frequently present in pat
probe0352	 I have written two Ir
probe0353	able moving and that can be a bit co
probe0354	fects are frequ
probe0355	hen assessed after cros
probe0356	sartilage defects are frequent
probe0357	le moving and that can be 
probe0358	then assessed after c
probe0359	s are frequently present in pat
probe0360	re frequenily
probe0361	quently present in patie
probe0362	itten two Internet worm propagation s
probe0363	Internet worm propagation 
probe0364	 frequently present en patie
probe0365	nternet worm propagatio
probe0366	ssessed after cro
probe0367	 I have written two Internet wor
probe0368	ch for table movrng and that can be
probe0369	es surprises infinies de la chai
probe0370	ritten two Intern
probe0371	e moving and that c
probe0372	 written two Internet woem pr
probe0373	 defects are frequently present in pa
probe0374	e la chair nous sont fe
probe0375	 for table moving and that
probe0376	ecis are frequently present in pat
probe0377	ave written two Int
probe0378	ses infinies
probe0379	rtilage defects are frequently pre
probe0380	psises infinies de la chair nous s
probe0381	net worm propag
probe0382	defects are frequently present in p
probe0383	n assessed after cro
probe0384	rprises infinies de la chair nouo sont 
probe0385	ge defects are 
probe0386	n assessed after 
probe0387	hen assessed after
probe0388	tilage defects are frequent
probe0389	n two Internet worm propagation si
probe0390	tilage defects 
probe0391	two Internet worm pro
probe0392	then assessed after cris
probe0393	tten two Internet worm propagation s
probe0394	lage defects are frequently present in 
probe0395	s infinies de la 
probe0396	en assessed nfter 
probe0397	age defects are frequently
probe0398	rprises infinies
probe0399	 chair nous sont fe
probe0400	ses infinies de la chair nouo sont ferm
probe0401	table moving and that can be a b
probe0402	s de la chair nous sont ferm
probe0403	ssed after cros
probe0404	 les surprises infinies de la chair nrus
probe0405	 I have written two Internet w
probe0406	hen assessed after 
probe0407	ilage defects are fr
probe0408	ve written two Internet w r
probe0409	age defects are frequently pr
probe0410	able moving and that can be a bit confu
probe0411	 surprises infinies de la ch
probe0412	nfinieside la chair nous son
probe0413	then assessed after cro
probe0414	en assessed af
probe0415	les surprises
probe0416	ge defscts are frequently present in p
probe0417	written two Internet worm p
probe0418	sed after cro
probe0419	 are frequently
probe0420	assessed afteracro
probe0421	o Internet worm 
probe0422	o Internet worm propagation simu
probe0423	e defects are frequently prese
probe0424	g and that can be a ait c
probe0425	ritten two Internet worm propagati
probe0426	 table moving and that can be a 
probe0427	rises infinies
probe0428	ses infinias de la chair nous 
probe0429	written two Internet worm propagation s
probe0430	efects are frequently present in pati
probe0431	n assessed afte
probe0432	le meving and that can be a bit c
probe0433	I have written
probe0434	rm propagation si
probe0435	nfinies de la chair 
probe0436	es surprises iofinies d
probe0437	 I have written two In
probe0438	have written two Internet worm propagat
probe0439	le moving and th
probe0440	 infinies de la chair nous s nt
probe0441	 have written two Internet worm pro
probe0442	cts are frequently p
probe0443	touch for table moving and that c
probe0444	tly present ia 
probe0445	ge defects are frequently p
probe0446	tten two Internet wo
probe0447	then assessed after cros
probe0448	ch for table movingaand t
probe0449	ave written two Internet worm propaga
probe0450	ects are frequently present in 
probe0451	efects are frequently present i
probe0452	ies de la chair nous sont fes
probe0453	e written two Internet worm propa
probe0454	e written two Internet worm prop
probe0455	age defects are frequently pre
probe0456	iser infinies de la
probe0457	ve written two Internet worm prop
probe0458	ernet worm propa
probe0459	equently presen
probe0460	itten tto Inter
probe0461	e defects are frequently present 
probe0462	en assessed after cr
probe0463	efects are frequently prese
probe0464	touch for tablenmoving and th
probe0465	then assessed after cros
probe0466	ritten two Internet worm propagation si
probe0467	frequently pre
probe0468	uch for table movong and t
probe0469	e written two Internet worm 
probe0470	ntly present in 
probe0471	rises infinies de la chair nous 
probe0472	Cartilage defents a
probe0473	surprises infinies de la chair nous
probe0474	finies de la chair nous 
probe0475	s infinies de la chair nous sont ferm
probe0476	rm nropagation sim
probe0477	ntly present in 
probe0478	s are frequently present in
probe0479	wo Internet worm propa
probe0480	thenaassessed aft
probe0481	infinies de la chair nous
probe0482	written two Internet worm propagation si
probe0483	inies de la chair nous sont
probe0484	s surprises infiniee de la chair
probe0485	ts are frequently present in p
probe0486	ng and that can be a bit co
probe0487	s surprises infinies de la chair n
probe0488	es snfinies de 
probe0489	cts are frequently present in pat
probe0490	rm propagation sim
probe0491	 infinies de la chair nous sont fe
probe0492	 les surprisea infinies de la 
probe0493	I have written two Internet worm propaga
probe0494	Cartilage defects are f
probe0495	e defects are frequently present in pat
probe0496	 hav  written two I
probe0497	ts are frequently present 
probe0498	surprises infinies de la chair nous s
probe0499	then assessed after cr
probe0500	hair nous son
probe0501	requently present in p
probe0502	ave written two Internet worm
probe0503	hat can be a bit conf
probe0504	es surprises infinies de la chair nous s
probe0505	les surprises infin
probe0506	n two Internet worm propagation 
probe0507	o Internet worm propagation sim
probe0508	ge defects aie frequently present i
probe0509	finies de la chair nous sont fer
probe0510	le moving and that can be a bit c
probe0511	es infinies de la chair nous 
probe0512	ses infinies de la chair nou  sont
probe0513	n assessed after cr
probe0514	ouch for table m
probe0515	 de la chair nous so
probe0516	 for table moving snd that can 
probe0517	n assessed after 
probe0518	touch for table moving an
probe0519	or table moving and that can be a bit
probe0520	Internet worm iropagation si
probe0521	ave written two Internet worm
probe0522	frequently present in pa
probe0523	 defects are frequently present in
probe0524	lage defects are freiuen
probe0525	age defects are frequently present in
probe0526	es surprises infinies de la chair nous 
probe0527	nies de la chair nous sont ferm
probe0528	table moving and that ca
probe0529	 that can be a bit 
probe0530	ects are frequently presen
probe0531	 are frequently present in pa
probe0532	two Intornet worm propagation si
probe0533	ave written two Internet wor
probe0534	et worm propagatio
probe0535	uch for table
probe0536	tilage defects a
probe0537	 assessed after cros
probe0538	en assessed after cr
probe0539	s infinies de la chair nous 
probe0540	 inoinies de la chair no
probe0541	 written two Inter
probe0542	s infinies de la chair nous sont 
probe0543	ises infinies de la chair nous
probe0544	rises infinies de latchair nous sont fer
probe0545	quently present in pat
probe0546	Cartilage defects are frequ
probe0547	infinies de la chair n
probe0548	 les surprisesrinfinies de la chai
probe0549	ises infinies de la chair nous sont 
probe0550	es infinies de la chair nous sont fer
probe0551	 written two Internet worm propagation 
probe0552	 infinies de la chair  ous s
probe0553	 assessed after c
probe0554	propagation sim
probe0555	 de la chair nous s
probe0556	oving ann that can 
probe0557	age defects are frequently present
probe0558	ten two Internet worm propagat
probe0559	 Internet worm propaga
probe0560	ge defects are ftequently present in pa
probe0561	 defects are frequently
probe0562	age defects are frequently prese
probe0563	 chair nous sont fer
probe0564	s surprsses infinies de la ch
probe0565	a chair nous 
probe0566	e la chair nou
probe0567	ses infinies de la chair nous sont 
probe0568	then assessed aftar cros
probe0569	 les surprises infinies de la chair nous
probe0570	uch for table moving and that
probe0571	 have written two Inter
probe0572	tly present int
probe0573	ses infinies de la chair nous sont
probe0574	 are frequently present in patie
probe0575	itten two Internet worm propagat
probe0576	age defects are frequentli present in 
probe0577	h for table moving and that can be
probe0578	rnet worm propagation simu
probe0579	 les surprises infinies de la
probe0580	 Cartilage defects are frequently prnsen
probe0581	re frequently present 
probe0582	rises infinies de la chair 
probe0583	 assessed after cr
probe0584	 are frequentl  p
probe0585	Cartilage defects are frequentl
probe0586	then assessed after cros
probe0587	 two Internet worm propaga
probe0588	ternet eorm pr
probe0589	I have written t
probe0590	assessed after
probe0591	e defects are frequently pre
probe0592	essed ifter c
probe0593	n be a bit c
probe0594	prises infinies de la chair n
probe0595	en two Internet worm propagation sim
probe0596	 les surpriies infini
probe0597	s infinies de la cha
probe0598	age defects are frequently prese
probe0599	rprises infinies de la chair nous sont f
probe0600	tilaie defects are frequently present
probe0601	infinies de la chair nous sont ferm
probe0602	n assessed afte
probe0603	les surprises infinies de la chair nous
probe0604	present en pat
probe0605	et worm propagat
probe0606	ble moving and that can be a bit conf
probe0607	then assessed after c
probe0608	efecta are frequ
probe0609	ilage defects a
probe0610	 two Internet worm propa
probe0611	ng and that can be a bit confu
probe0612	e defects art frequ
probe0613	es surprises infinies d
probe0614	ve written two Internet worm propagat
probe0615	n assessed after cro
probe0616	 for table moving ond that 
probe0617	essed after c
probe0618	re frequently presen
probe0619	es surprises infinies de 
probe0620	writ en two Internet worm propagat
probe0621	Cartilage defe
probe0622	tilage defects are frequently
probe0623	prises infinies de la chair n
probe0624	finieo de la chair nous sont fe
probe0625	finies de la cha
probe0626	 I have written two Internet worm propag
probe0627	s are frequently present in
probe0628	 surpreses infinies de la chai
probe0629	that can be a bit
probe0630	ave written two I
probe0631	 surprises infinies de la chair nou
probe0632	ritten two Internet worm pripagat
probe0633	I have written two Internet worm pro
probe0634	uently present in p
probe0635	lage defects are frequently prese
probe0636	 de laschair nous son
probe0637	moving and that can be a 
probe0638	hen assessed after cr
probe0639	hen assessed after cro
probe0640	 defects are frequently pres
probe0641	tten two Internet worm propagation s
probe0642	es surprises infinies de la c
probe0643	or table moving 
probe0644	assossed after 
probe0645	ve written two Interne
probe0646	finies de la chair nous sont
probe0647	urprises infinies de 
probe0648	 les surprises infinies de la cha
probe0649	nfinies de la chair nous son
probe0650	have written two Internet wo
probe0651	es infinies de la c
probe0652	wo Internen worm propa
probe0653	 have written
probe0654	 written two
probe0655	are frequently pres
probe0656	oving and that can be ar
probe0657	then assessed aft
probe0658	 moving and that c
probe0659	 defects are frequently present
probe0660	itten two Intern t worm pr
probe0661	I have written two Inte
probe0662	ects are frequently present
probe0663	uch for table moving and that can
probe0664	s infinies de
probe0665	 infinies de la chair nous s
probe0666	de la chair nous so
probe0667	s are frequently present in p
probe0668	resent in pati
probe0669	finies de la chair nous sont
probe0670	 frequently present 
probe0671	 frequently pres
probe0672	rtten two Internet worm
probe0673	 moving and that can be a b
probe0674	 surprises infinies de
probe0675	defects are frequently present 
probe0676	assessed after cno
probe0677	wo Internet w
probe0678	assessed after
probe0679	ntly present in pa
probe0680	written two Internet w
probe0681	itten two Internet worm propagation 
probe0682	rises infinies de la chair nous s
probe0683	urprises infin
probe0684	ouch for table moving atd that can
probe0685	us sont ferm
probe0686	ly present in pa
probe0687	tilage defects a
probe0688	ave written two Internat wor
probe0689	a chair nous sont f
probe0690	ent in patie
probe0691	 I have written two Internet worm
probe0692	 la charr nous
probe0693	ies de la chair nou
probe0694	ed after cros
probe0695	prises infinies de la chair
probe0696	s de la chai
probe0697	moving and that can be a bit c
probe0698	urprises infinies de la chair nous s
probe0699	able moving and that can be a bit co
probe0700	nd that aan be 
probe0701	ir nous sont f
probe0702	ilage defects are
probe0703	urprises infinies de la chair nous so
probe0704	t are frequently present in pat
probe0705	ng and that can be a bit con
probe0706	artilage defec
probe0707	then assessed after cr
probe0708	then assessed aftar cr
probe0709	 have written two Internet w
probe0710	rises infinies de la chair nous sont fe
probe0711	s surprises infinies de la c
probe0712	 chair nous sont fer
probe0713	cts are frequently present i
probe0714	h for table mov
probe0715	are frequent
probe0716	ouch for table moving and ihat can be 
probe0717	hen assessed after cr
probe0718	ses infinies de la chair no
probe0719	 have written two Internet worm
probe0720	 nartilage de
probe0721	 have written two Internet worm prop
probe0722	hen assessed after
probe0723	 assessed after cros
probe0724	 Internet worm propagntion sim
probe0725	la chair nous so
probe0726	y present in
probe0727	hen assessed a
probe0728	 and that can se
probe0729	net worm propag
probe0730	hen assessed after cro
probe0731	 I have written two Internet worm p
probe0732	 frequontly pres
probe0733	 de la chair nou
probe0734	cts are frequently present in patie
probe0735	urprises infinies de la chai
probe0736	quentry pres
probe0737	e defects are frequently prese
probe0738	hen assessed after cro
probe0739	ritten two Internet wor
probe0740	table moving and tnat can
probe0741	 Internet worm prop
probe0742	hen assessed af
probe0743	 Internet worm propagation simu
probe0744	 written two Internet worm prnp
probe0745	en assessed after cr
probe0746	 les surprises infinies de la cha
probe0747	hat can be a bit co
probe0748	t worm propaganion simu
probe0749	en assessed after cros
probe0750	ch for table moving and 
probe0751	es de la chair nous
probe0752	es surprises infinies de la chai
probe0753	rnet worm propag
probe0754	n two Internet
probe0755	ssed after cr
probe0756	frequently prts
probe0757	are frequently present in patie
probe0758	Cartilage defects are frequently prese
probe0759	 defects are frequently pre
probe0760	es infinie  de la 
probe0761	tly present i
probe0762	lage defects are fre
probe0763	itten two Internet worm propagation si
probe0764	ts are freqeently 
probe0765	prises infinies de la chair nous sont fe
probe0766	artilage defects are frequ
probe0767	cts are frequently pres
probe0768	rises infinies de la chair s
probe0769	ritten two Internet worm propagat
probe0770	have written two Internet worm 
probe0771	wo Internet worm propagation simu
probe0772	le moving and that can bera bit
probe0773	la chair nous sont fer
probe0774	ernet worm propagat
probe0775	le moving and that can be a bit 
probe0776	orm nropagat
probe0777	 Internet worm propagation simu
probe0778	es surprises infinies de la chair nous s
probe0779	nies de la chair
probe0780	 have wrotten t
probe0781	la chair nous sont f
probe0782	net worm propagation s
probe0783	then assessed after cros
probe0784	la chair naus so
probe0785	 defects are frequently present 
probe0786	ir nous sont 
probe0787	lage defects are frequently present i
probe0788	artilage def cts are f
probe0789	g and that can be a bit 
probe0790	h for table moving and that can be a
probe0791	hen assessed after cro
probe0792	ttble moving and that can be a bit co
probe0793	wo Internet w
probe0794	hen assessed af
probe0795	defects are frequently present in 
probe0796	essedtafter c
probe0797	prises infinies de la chair nous sont fe
probe0798	Cartilage def
probe0799	Cartilage defects are frequ
probe0800	 les surprises infinies de l
probe0801	uently present in p
probe0802	ects are frequently present i
probe0803	artilage defects are frequen
probe0804	s su prises infinies de la chair nous 
probe0805	en two Internet worm pro
probe0806	rprises infinies de la chair nous son
probe0807	I have written two Internet worm propaga
probe0808	tilage refects are frequently pre
probe0809	or table moving and that can be 
probe0810	 have written two Internet worm propag
probe0811	written two In
probe0812	s infinies de l  chair nous sont f
probe0813	assessed afte
probe0814	 Internet worm pr
probe0815	en assessed after cr
probe0816	 two Internet worm propag tion simu
probe0817	equently present in pati
probe0818	chair nous sont f
probe0819	ternet worm propagation s
probe0820	les surprises infinies ae la chair n
probe0821	urprises infinies de la chair nou
probe0822	 defects are
probe0823	are frequently prese
probe0824	s infinies de la chais nous son
probe0825	efects are frequently present in pa
probe0826	touch for table moving and that can 
probe0827	efects are frequently present in 
probe0828	net worm srop
probe0829	s are frequent
probe0830	ts are frequently present in pati
probe0831	surprises infinies de la chair n
probe0832	uch for ta le moving and that can b
probe0833	able moving and tha
probe0834	lage defects are frequently present i
probe0835	rnet worm propagation sim
probe0836	tten two Intetnet 
probe0837	 Internet worm propagation sim
probe0838	ve written two Internet worm propagat
probe0839	 are frequently p
probe0840	tten two Internet worm propagation si
probe0841	or table moving and that can be
probe0842	able moving and that can be a bi
probe0843	rtilage defects are freq
probe0844	rtilage defects are frequentn
probe0845	en two Internet worm propagation s
probe0846	surprises infinies de la chair n
probe0847	equently present in p
probe0848	 oous sont fer
probe0849	ave written two Int
probe0850	en assessed after cros
probe0851	able moving a
probe0852	et worm propagas
probe0853	quently present i
probe0854	s infinies de la chair nous sont f
probe0855	finies de la chair no
probe0856	es surprises infinies da la chair 
probe0857	s surprises infinies de la chair nous 
probe0858	ving and that can be a
probe0859	de la chair nous s
probe0860	Internet worm  ropagation 
probe0861	ten two Internet worm propagation simu
probe0862	n assessed after c
probe0863	nd that can be a bit confu
probe0864	are frequently prosent in pat
probe0865	en assessed after cro
probe0866	defects are frequently present in p
probe0867	essed after c
probe0868	ouch for tabae moving
probe0869	 defects are frequently present 
probe0870	e frequently present in pa
probe0871	rnet worm propagation 
probe0872	rpreses infini
probe0873	moving and that
probe0874	 assessed after cros
probe0875	ve written two Internet worm propa
probe0876	t can be a bit cosfu
probe0877	ts are frequently pr
probe0878	assessed after cro
probe0879	two Internet worm propagation simu
probe0880	urprises infinies de latchair 
probe0881	en assessed after cros
probe0882	s are frequently present in patie
probe0883	written two Internet worm 
probe0884	m pro agation 
probe0885	urprises infinies de la chair nous s
probe0886	nies de la chair nous sont fe
probe0887	es surprises infinie
probe0888	requeetly present in pa
probe0889	e moving and that can
probe0890	rprises infinies de la chair
probe0891	les surprises 
probe0892	ilagetdefects are frequently
probe0893	 moving and th
probe0894	 Internet worm propagatio
probe0895	wo Internet worm propag
probe0896	rrises infinies de la chair nous sont 
probe0897	 and that can be a 
probe0898	are frequently prese
probe0899	wo Internet worm propagat
probe0900	ge defectssare frequently pr
probe0901	itten two Internet worm propaga
probe0902	surprises infinies de la chair nous sont
probe0903	n two Internet worm prop
probe0904	finies de la chair tous 
probe0905	r table moving and that can be a bit 
probe0906	equently present i
probe0907	ble moving and that can
probe0908	 es infinies de la chair nous sont 
probe0909	air nous sont
probe0910	 les surprises infinies de la cha
probe0911	 surprises infinies de la chai
probe0912	hen assessed after cro
probe0913	I have written
probe0914	requently present in p
probe0915	es infinies de la chair nous
probe0916	 have w itten two Internet worm pro
probe0917	de la chair nous sont ferm
probe0918	 de la chair nous son
probe0919	lage defects are freque
probe0920	opagation siou
probe0921	cts are frequently present in
probe0922	e defects are frequently present in pa
probe0923	hen assessed after
probe0924	rm propagation sio
probe0925	fects are frequently present in patie
probe0926	e frequently pre
probe0927	 Cartilage defects are frequently pre
probe0928	tilage defects are  requ
probe0929	rtilage defects are frequently present 
probe0930	urprises infinies de la c
probe0931	m propagatio
probe0932	n two tnternet worm propagation 
probe0933	then assessed after cros
probe0934	assessed afte
probe0935	sed after cros
probe0936	efects are frequently present i
probe0937	 la chair nous sont fe
probe0938	ses infinies de la
probe0939	 les surprises 
probe0940	s infinieo de la cha
probe0941	ten two Internet wor
probe0942	wo Internet worm propagation 
probe0943	ses infinies de la chair nous sont fe
probe0944	Cartilago defects are frequently pres
probe0945	ilage defects are frequently presen
probe0946	s infinies de la chair nous sont ferm
probe0947	 have written two Internet worm propagat
probe0948	ises infinies de la chair nous sont 
probe0949	ritten two Internet worm propaga
probe0950	r table moving and that can be a b
probe0951	 Cartilage defects are f
probe0952	 les eurprises infini
probe0953	en assessed 
probe0954	ses infinies de la chair nous sont ferm
probe0955	en two Internet w
probe0956	oving a d that can b
probe0957	 nous sont ferm
probe0958	urprises infinies de la chair nou
probe0959	ts are frequently present in pa
probe0960	es de la chair nous stnt 
probe0961	es de la chair no
probe0962	and that can be a bi
probe0963	uch for table mov
probe0964	 n assessed afte
probe0965	efects are frequently p
probe0966	wo Internet worm propagation sim
probe0967	then assessed after c
probe0968	e written two I
probe0969	 Cartilage defects are frequently presen
probe0970	essed after cr
probe0971	ses infinies de la chair nous sont fe
probe0972	e frequently pr s
probe0973	 Internet worm pr
probe0974	urprises infinies de la chair n
probe0975	les surprises infinies de
probe0976	 les surprises infinies de laechair 
probe0977	rtilage defects are frequently pr
probe0978	written two Internet worm propagati
probe0979	air nous son
probe0980	 writtet two Internet worm p
probe0981	nies de la chair nous sont ferm
probe0982	 surprises infinies de la chair nous so
probe0983	moving and that can be a b
probe0984	 and thnt can be a bit co
probe0985	infinies de la chair nous sont f
probe0986	two Internet worm pro
probe0987	rises infinies de la chair n
probe0988	ises infinies de la  hair nous son
probe0989	ve written two In
probe0990	en two Internet worm p
probe0991	ntly present in p
probe0992	en assessed after cron
probe0993	 defects are frequently pres
probe0994	et worm propagation simu
probe0995	 assessed after c
probe0996	for taale movin
probe0997	re frequently present
probe0998	e frequently present in pat
probe0999	ises infinies de la chair nou
