boundary,population,inclusive_upper_edge,count
0,predecessor,0,12
0,predecessor,1,941
0,predecessor,4,112564
0,predecessor,16,814816
0,predecessor,64,70372
0,predecessor,100,389
0,predecessor,1000,389
0,predecessor,10000,309
0,predecessor,100000,207
0,predecessor,1000000,0
0,predecessor,10000000,0
0,predecessor,18446744073709551615,0
0,successor,0,14
0,successor,1,1025
0,successor,4,110597
0,successor,16,815931
0,successor,64,71523
0,successor,100,416
0,successor,1000,425
0,successor,10000,69
0,successor,100000,0
0,successor,1000000,0
0,successor,10000000,0
0,successor,18446744073709551615,0
0,best,0,1
0,best,1,177
0,best,4,77349
0,best,16,818788
0,best,64,101839
0,best,100,557
0,best,1000,704
0,best,10000,378
0,best,100000,207
0,best,1000000,0
0,best,10000000,0
0,best,18446744073709551615,0
0,both,0,26
0,both,1,1966
0,both,4,223161
0,both,16,1630747
0,both,64,141895
0,both,100,805
0,both,1000,814
0,both,10000,378
0,both,100000,207
0,both,1000000,0
0,both,10000000,0
0,both,18446744073709551615,0
0,search,0,4115696
0,search,1,3999057
0,search,4,8019870
0,search,16,8616571
0,search,64,268822
0,search,100,2344
0,search,1000,1511
0,search,10000,379
0,search,100000,207
0,search,1000000,0
0,search,10000000,0
0,search,18446744073709551615,0
1,predecessor,0,20
1,predecessor,1,828
1,predecessor,4,113381
1,predecessor,16,814469
1,predecessor,64,70305
1,predecessor,100,403
1,predecessor,1000,524
1,predecessor,10000,70
1,predecessor,100000,0
1,predecessor,1000000,0
1,predecessor,10000000,0
1,predecessor,18446744073709551615,0
1,successor,0,12
1,successor,1,743
1,successor,4,111284
1,successor,16,815052
1,successor,64,71705
1,successor,100,465
1,successor,1000,614
1,successor,10000,125
1,successor,100000,0
1,successor,1000000,0
1,successor,10000000,0
1,successor,18446744073709551615,0
1,best,0,0
1,best,1,131
1,best,4,76474
1,best,16,820115
1,best,64,101560
1,best,100,619
1,best,1000,917
1,best,10000,184
1,best,100000,0
1,best,1000000,0
1,best,10000000,0
1,best,18446744073709551615,0
1,both,0,32
1,both,1,1571
1,both,4,224665
1,both,16,1629521
1,both,64,142010
1,both,100,868
1,both,1000,1138
1,both,10000,195
1,both,100000,0
1,both,1000000,0
1,both,10000000,0
1,both,18446744073709551615,0
1,search,0,4099328
1,search,1,4001583
1,search,4,8070331
1,search,16,8573730
1,search,64,269417
1,search,100,2389
1,search,1000,2056
1,search,10000,195
1,search,100000,0
1,search,1000000,0
1,search,10000000,0
1,search,18446744073709551615,0
2,predecessor,0,17
2,predecessor,1,816
2,predecessor,4,108082
2,predecessor,16,818868
2,predecessor,64,70840
2,predecessor,100,424
2,predecessor,1000,541
2,predecessor,10000,349
2,predecessor,100000,63
2,predecessor,1000000,0
2,predecessor,10000000,0
2,predecessor,18446744073709551615,0
2,successor,0,19
2,successor,1,802
2,successor,4,106963
2,successor,16,819533
2,successor,64,71453
2,successor,100,429
2,successor,1000,626
2,successor,10000,175
2,successor,100000,0
2,successor,1000000,0
2,successor,10000000,0
2,successor,18446744073709551615,0
2,best,0,0
2,best,1,166
2,best,4,73288
2,best,16,822551
2,best,64,101891
2,best,100,566
2,best,1000,951
2,best,10000,524
2,best,100000,63
2,best,1000000,0
2,best,10000000,0
2,best,18446744073709551615,0
2,both,0,36
2,both,1,1618
2,both,4,215045
2,both,16,1638401
2,both,64,142293
2,both,100,853
2,both,1000,1167
2,both,10000,524
2,both,100000,63
2,both,1000000,0
2,both,10000000,0
2,both,18446744073709551615,0
2,search,0,4083574
2,search,1,3985047
2,search,4,8027948
2,search,16,8658071
2,search,64,268489
2,search,100,2515
2,search,1000,2366
2,search,10000,524
2,search,100000,63
2,search,1000000,0
2,search,10000000,0
2,search,18446744073709551615,0
3,predecessor,0,24
3,predecessor,1,1296
3,predecessor,4,108648
3,predecessor,16,822586
3,predecessor,64,66797
3,predecessor,100,318
3,predecessor,1000,325
3,predecessor,10000,6
3,predecessor,100000,0
3,predecessor,1000000,0
3,predecessor,10000000,0
3,predecessor,18446744073709551615,0
3,successor,0,16
3,successor,1,1371
3,successor,4,106736
3,successor,16,823224
3,successor,64,67832
3,successor,100,381
3,successor,1000,390
3,successor,10000,50
3,successor,100000,0
3,successor,1000000,0
3,successor,10000000,0
3,successor,18446744073709551615,0
3,best,0,4
3,best,1,575
3,best,4,72457
3,best,16,828868
3,best,64,96951
3,best,100,485
3,best,1000,604
3,best,10000,56
3,best,100000,0
3,best,1000000,0
3,best,10000000,0
3,best,18446744073709551615,0
3,both,0,40
3,both,1,2667
3,both,4,215384
3,both,16,1645810
3,both,64,134629
3,both,100,699
3,both,1000,715
3,both,10000,56
3,both,100000,0
3,both,1000000,0
3,both,10000000,0
3,both,18446744073709551615,0
3,search,0,4056979
3,search,1,3972327
3,search,4,8108230
3,search,16,8618277
3,search,64,249128
3,search,100,2074
3,search,1000,1331
3,search,10000,56
3,search,100000,0
3,search,1000000,0
3,search,10000000,0
3,search,18446744073709551615,0
4,predecessor,0,18
4,predecessor,1,778
4,predecessor,4,114217
4,predecessor,16,814033
4,predecessor,64,70289
4,predecessor,100,339
4,predecessor,1000,288
4,predecessor,10000,38
4,predecessor,100000,0
4,predecessor,1000000,0
4,predecessor,10000000,0
4,predecessor,18446744073709551615,0
4,successor,0,14
4,successor,1,747
4,successor,4,111741
4,successor,16,814852
4,successor,64,71861
4,successor,100,380
4,successor,1000,405
4,successor,10000,0
4,successor,100000,0
4,successor,1000000,0
4,successor,10000000,0
4,successor,18446744073709551615,0
4,best,0,0
4,best,1,120
4,best,4,77425
4,best,16,819373
4,best,64,101982
4,best,100,494
4,best,1000,568
4,best,10000,38
4,best,100000,0
4,best,1000000,0
4,best,10000000,0
4,best,18446744073709551615,0
4,both,0,32
4,both,1,1525
4,both,4,225958
4,both,16,1628885
4,both,64,142150
4,both,100,719
4,both,1000,693
4,both,10000,38
4,both,100000,0
4,both,1000000,0
4,both,10000000,0
4,both,18446744073709551615,0
4,search,0,3990243
4,search,1,4037707
4,search,4,8132168
4,search,16,8626644
4,search,64,268196
4,search,100,2079
4,search,1000,1415
4,search,10000,38
4,search,100000,0
4,search,1000000,0
4,search,10000000,0
4,search,18446744073709551615,0
5,predecessor,0,46
5,predecessor,1,1018
5,predecessor,4,109397
5,predecessor,16,815841
5,predecessor,64,71748
5,predecessor,100,442
5,predecessor,1000,382
5,predecessor,10000,178
5,predecessor,100000,947
5,predecessor,1000000,0
5,predecessor,10000000,0
5,predecessor,18446744073709551615,0
5,successor,0,45
5,successor,1,916
5,successor,4,107535
5,successor,16,817371
5,successor,64,73248
5,successor,100,432
5,successor,1000,436
5,successor,10000,17
5,successor,100000,0
5,successor,1000000,0
5,successor,10000000,0
5,successor,18446744073709551615,0
5,best,0,2
5,best,1,310
5,best,4,73949
5,best,16,819821
5,best,64,103498
5,best,100,610
5,best,1000,669
5,best,10000,194
5,best,100000,947
5,best,1000000,0
5,best,10000000,0
5,best,18446744073709551615,0
5,both,0,91
5,both,1,1934
5,both,4,216932
5,both,16,1633212
5,both,64,144996
5,both,100,874
5,both,1000,818
5,both,10000,195
5,both,100000,947
5,both,1000000,0
5,both,10000000,0
5,both,18446744073709551615,0
5,search,0,4081951
5,search,1,3980515
5,search,4,8059580
5,search,16,8616045
5,search,64,276800
5,search,100,2268
5,search,1000,1536
5,search,10000,195
5,search,100000,947
5,search,1000000,0
5,search,10000000,0
5,search,18446744073709551615,0
6,predecessor,0,21
6,predecessor,1,709
6,predecessor,4,106945
6,predecessor,16,820320
6,predecessor,64,71133
6,predecessor,100,354
6,predecessor,1000,391
6,predecessor,10000,112
6,predecessor,100000,15
6,predecessor,1000000,0
6,predecessor,10000000,0
6,predecessor,18446744073709551615,0
6,successor,0,8
6,successor,1,758
6,successor,4,105579
6,successor,16,821035
6,successor,64,71632
6,successor,100,399
6,successor,1000,448
6,successor,10000,138
6,successor,100000,3
6,successor,1000000,0
6,successor,10000000,0
6,successor,18446744073709551615,0
6,best,0,0
6,best,1,160
6,best,4,71789
6,best,16,824653
6,best,64,101900
6,best,100,522
6,best,1000,709
6,best,10000,249
6,best,100000,18
6,best,1000000,0
6,best,10000000,0
6,best,18446744073709551615,0
6,both,0,29
6,both,1,1467
6,both,4,212524
6,both,16,1641355
6,both,64,142765
6,both,100,753
6,both,1000,839
6,both,10000,250
6,both,100000,18
6,both,1000000,0
6,both,10000000,0
6,both,18446744073709551615,0
6,search,0,4054567
6,search,1,3968247
6,search,4,8064865
6,search,16,8656093
6,search,64,269685
6,search,100,2024
6,search,1000,1473
6,search,10000,256
6,search,100000,18
6,search,1000000,0
6,search,10000000,0
6,search,18446744073709551615,0
7,predecessor,0,25
7,predecessor,1,915
7,predecessor,4,110253
7,predecessor,16,818199
7,predecessor,64,69840
7,predecessor,100,366
7,predecessor,1000,378
7,predecessor,10000,23
7,predecessor,100000,0
7,predecessor,1000000,0
7,predecessor,10000000,0
7,predecessor,18446744073709551615,0
7,successor,0,19
7,successor,1,799
7,successor,4,107180
7,successor,16,820605
7,successor,64,70596
7,successor,100,370
7,successor,1000,383
7,successor,10000,47
7,successor,100000,0
7,successor,1000000,0
7,successor,10000000,0
7,successor,18446744073709551615,0
7,best,0,2
7,best,1,245
7,best,4,74267
7,best,16,823605
7,best,64,100688
7,best,100,495
7,best,1000,628
7,best,10000,70
7,best,100000,0
7,best,1000000,0
7,best,10000000,0
7,best,18446744073709551615,0
7,both,0,44
7,both,1,1714
7,both,4,217433
7,both,16,1638804
7,both,64,140436
7,both,100,736
7,both,1000,761
7,both,10000,70
7,both,100000,0
7,both,1000000,0
7,both,10000000,0
7,both,18446744073709551615,0
7,search,0,3944407
7,search,1,4121411
7,search,4,8052033
7,search,16,8646155
7,search,64,263809
7,search,100,2198
7,search,1000,1465
7,search,10000,70
7,search,100000,0
7,search,1000000,0
7,search,10000000,0
7,search,18446744073709551615,0
8,predecessor,0,24
8,predecessor,1,1062
8,predecessor,4,112667
8,predecessor,16,817547
8,predecessor,64,67848
8,predecessor,100,362
8,predecessor,1000,416
8,predecessor,10000,74
8,predecessor,100000,0
8,predecessor,1000000,0
8,predecessor,10000000,0
8,predecessor,18446744073709551615,0
8,successor,0,157
8,successor,1,1017
8,successor,4,111298
8,successor,16,817437
8,successor,64,69312
8,successor,100,350
8,successor,1000,384
8,successor,10000,45
8,successor,100000,0
8,successor,1000000,0
8,successor,10000000,0
8,successor,18446744073709551615,0
8,best,0,17
8,best,1,345
8,best,4,77388
8,best,16,822600
8,best,64,98399
8,best,100,488
8,best,1000,664
8,best,10000,99
8,best,100000,0
8,best,1000000,0
8,best,10000000,0
8,best,18446744073709551615,0
8,both,0,181
8,both,1,2079
8,both,4,223965
8,both,16,1634984
8,both,64,137160
8,both,100,712
8,both,1000,800
8,both,10000,119
8,both,100000,0
8,both,1000000,0
8,both,10000000,0
8,both,18446744073709551615,0
8,search,0,4056085
8,search,1,4040530
8,search,4,8047746
8,search,16,8626331
8,search,64,257407
8,search,100,1970
8,search,1000,1465
8,search,10000,123
8,search,100000,0
8,search,1000000,0
8,search,10000000,0
8,search,18446744073709551615,0
9,predecessor,0,8
9,predecessor,1,693
9,predecessor,4,118026
9,predecessor,16,814498
9,predecessor,64,65926
9,predecessor,100,311
9,predecessor,1000,430
9,predecessor,10000,108
9,predecessor,100000,0
9,predecessor,1000000,0
9,predecessor,10000000,0
9,predecessor,18446744073709551615,0
9,successor,0,3
9,successor,1,649
9,successor,4,115745
9,successor,16,815281
9,successor,64,67495
9,successor,100,342
9,successor,1000,440
9,successor,10000,45
9,successor,100000,0
9,successor,1000000,0
9,successor,10000000,0
9,successor,18446744073709551615,0
9,best,0,0
9,best,1,101
9,best,4,80322
9,best,16,822582
9,best,64,95718
9,best,100,465
9,best,1000,667
9,best,10000,145
9,best,100000,0
9,best,1000000,0
9,best,10000000,0
9,best,18446744073709551615,0
9,both,0,11
9,both,1,1342
9,both,4,233771
9,both,16,1629779
9,both,64,133421
9,both,100,653
9,both,1000,870
9,both,10000,153
9,both,100000,0
9,both,1000000,0
9,both,10000000,0
9,both,18446744073709551615,0
9,search,0,4015379
9,search,1,4035583
9,search,4,8203829
9,search,16,8539117
9,search,64,250529
9,search,100,1835
9,search,1000,1693
9,search,10000,154
9,search,100000,0
9,search,1000000,0
9,search,10000000,0
9,search,18446744073709551615,0
10,predecessor,0,19
10,predecessor,1,1053
10,predecessor,4,119343
10,predecessor,16,809473
10,predecessor,64,69101
10,predecessor,100,431
10,predecessor,1000,535
10,predecessor,10000,45
10,predecessor,100000,0
10,predecessor,1000000,0
10,predecessor,10000000,0
10,predecessor,18446744073709551615,0
10,successor,0,177
10,successor,1,807
10,successor,4,117240
10,successor,16,810010
10,successor,64,70693
10,successor,100,429
10,successor,1000,565
10,successor,10000,79
10,successor,100000,0
10,successor,1000000,0
10,successor,10000000,0
10,successor,18446744073709551615,0
10,best,0,0
10,best,1,367
10,best,4,81314
10,best,16,816564
10,best,64,100046
10,best,100,637
10,best,1000,948
10,best,10000,124
10,best,100000,0
10,best,1000000,0
10,best,10000000,0
10,best,18446744073709551615,0
10,both,0,196
10,both,1,1860
10,both,4,236583
10,both,16,1619483
10,both,64,139794
10,both,100,860
10,both,1000,1100
10,both,10000,124
10,both,100000,0
10,both,1000000,0
10,both,10000000,0
10,both,18446744073709551615,0
10,search,0,4074333
10,search,1,4113390
10,search,4,8114734
10,search,16,8470946
10,search,64,265045
10,search,100,2170
10,search,1000,2022
10,search,10000,129
10,search,100000,0
10,search,1000000,0
10,search,10000000,0
10,search,18446744073709551615,0
11,predecessor,0,20
11,predecessor,1,812
11,predecessor,4,108400
11,predecessor,16,819803
11,predecessor,64,69732
11,predecessor,100,517
11,predecessor,1000,641
11,predecessor,10000,75
11,predecessor,100000,0
11,predecessor,1000000,0
11,predecessor,10000000,0
11,predecessor,18446744073709551615,0
11,successor,0,20
11,successor,1,746
11,successor,4,106789
11,successor,16,819894
11,successor,64,71258
11,successor,100,563
11,successor,1000,637
11,successor,10000,93
11,successor,100000,0
11,successor,1000000,0
11,successor,10000000,0
11,successor,18446744073709551615,0
11,best,0,4
11,best,1,118
11,best,4,73754
11,best,16,823039
11,best,64,101224
11,best,100,696
11,best,1000,997
11,best,10000,168
11,best,100000,0
11,best,1000000,0
11,best,10000000,0
11,best,18446744073709551615,0
11,both,0,40
11,both,1,1558
11,both,4,215189
11,both,16,1639697
11,both,64,140990
11,both,100,1080
11,both,1000,1278
11,both,10000,168
11,both,100000,0
11,both,1000000,0
11,both,10000000,0
11,both,18446744073709551615,0
11,search,0,4059148
11,search,1,3954999
11,search,4,8037510
11,search,16,8673794
11,search,64,266902
11,search,100,3661
11,search,1000,3044
11,search,10000,172
11,search,100000,0
11,search,1000000,0
11,search,10000000,0
11,search,18446744073709551615,0
12,predecessor,0,10
12,predecessor,1,766
12,predecessor,4,116236
12,predecessor,16,811570
12,predecessor,64,70480
12,predecessor,100,393
12,predecessor,1000,527
12,predecessor,10000,18
12,predecessor,100000,0
12,predecessor,1000000,0
12,predecessor,10000000,0
12,predecessor,18446744073709551615,0
12,successor,0,15
12,successor,1,774
12,successor,4,113539
12,successor,16,812281
12,successor,64,72150
12,successor,100,453
12,successor,1000,680
12,successor,10000,108
12,successor,100000,0
12,successor,1000000,0
12,successor,10000000,0
12,successor,18446744073709551615,0
12,best,0,0
12,best,1,134
12,best,4,78717
12,best,16,817588
12,best,64,101891
12,best,100,596
12,best,1000,948
12,best,10000,126
12,best,100000,0
12,best,1000000,0
12,best,10000000,0
12,best,18446744073709551615,0
12,both,0,25
12,both,1,1540
12,both,4,229775
12,both,16,1623851
12,both,64,142630
12,both,100,846
12,both,1000,1207
12,both,10000,126
12,both,100000,0
12,both,1000000,0
12,both,10000000,0
12,both,18446744073709551615,0
12,search,0,4086188
12,search,1,4013459
12,search,4,8120933
12,search,16,8525002
12,search,64,271543
12,search,100,2479
12,search,1000,2936
12,search,10000,132
12,search,100000,0
12,search,1000000,0
12,search,10000000,0
12,search,18446744073709551615,0
13,predecessor,0,17
13,predecessor,1,797
13,predecessor,4,113634
13,predecessor,16,811282
13,predecessor,64,73150
13,predecessor,100,481
13,predecessor,1000,510
13,predecessor,10000,129
13,predecessor,100000,0
13,predecessor,1000000,0
13,predecessor,10000000,0
13,predecessor,18446744073709551615,0
13,successor,0,14
13,successor,1,705
13,successor,4,111073
13,successor,16,812305
13,successor,64,74794
13,successor,100,470
13,successor,1000,551
13,successor,10000,88
13,successor,100000,0
13,successor,1000000,0
13,successor,10000000,0
13,successor,18446744073709551615,0
13,best,0,2
13,best,1,106
13,best,4,76975
13,best,16,815571
13,best,64,105633
13,best,100,636
13,best,1000,860
13,best,10000,217
13,best,100000,0
13,best,1000000,0
13,best,10000000,0
13,best,18446744073709551615,0
13,both,0,31
13,both,1,1502
13,both,4,224707
13,both,16,1623587
13,both,64,147944
13,both,100,951
13,both,1000,1061
13,both,10000,217
13,both,100000,0
13,both,1000000,0
13,both,10000000,0
13,both,18446744073709551615,0
13,search,0,4055183
13,search,1,4003228
13,search,4,8057135
13,search,16,8598671
13,search,64,279679
13,search,100,3001
13,search,1000,2172
13,search,10000,233
13,search,100000,0
13,search,1000000,0
13,search,10000000,0
13,search,18446744073709551615,0
14,predecessor,0,12
14,predecessor,1,686
14,predecessor,4,114041
14,predecessor,16,815409
14,predecessor,64,69033
14,predecessor,100,322
14,predecessor,1000,428
14,predecessor,10000,69
14,predecessor,100000,0
14,predecessor,1000000,0
14,predecessor,10000000,0
14,predecessor,18446744073709551615,0
14,successor,0,14
14,successor,1,623
14,successor,4,111666
14,successor,16,816649
14,successor,64,70211
14,successor,100,368
14,successor,1000,391
14,successor,10000,78
14,successor,100000,0
14,successor,1000000,0
14,successor,10000000,0
14,successor,18446744073709551615,0
14,best,0,1
14,best,1,124
14,best,4,77322
14,best,16,821819
14,best,64,99452
14,best,100,486
14,best,1000,678
14,best,10000,118
14,best,100000,0
14,best,1000000,0
14,best,10000000,0
14,best,18446744073709551615,0
14,both,0,26
14,both,1,1309
14,both,4,225707
14,both,16,1632058
14,both,64,139244
14,both,100,690
14,both,1000,819
14,both,10000,147
14,both,100000,0
14,both,1000000,0
14,both,10000000,0
14,both,18446744073709551615,0
14,search,0,4094677
14,search,1,4001657
14,search,4,8082777
14,search,16,8551810
14,search,64,264442
14,search,100,1953
14,search,1000,1384
14,search,10000,147
14,search,100000,0
14,search,1000000,0
14,search,10000000,0
14,search,18446744073709551615,0
